municipio,uf,instituto_federal,latitude,longitude
Cruzeiro do Sul,AC,IFAC,-7.636248,-72.669165
Feijó,AC,IFAC,-8.164865,-70.353958
Rio Branco,AC,IFAC,-9.976536,-67.822078
Sena Madureira,AC,IFAC,-9.065956,-68.657106
Tarauacá,AC,IFAC,-8.160202,-70.766537
Xapuri,AC,IFAC,-10.651117,-68.50179
Arapiraca,AL,IFAL,-9.754866,-36.661471
Batalha,AL,IFAL,-9.673381,-37.126548
Coruripe,AL,IFAL,-10.126684,-36.175376
Girau do Ponciano,AL,IFAL,-9.884041,-36.831592
Maceió,AL,IFAL,-9.647684,-35.733926
Maragogi,AL,IFAL,-9.011828,-35.222512
Marechal Deodoro,AL,IFAL,-9.709715,-35.896731
Mata Grande,AL,IFAL,-9.118243,-37.732298
Murici,AL,IFAL,-9.306823,-35.942798
Palmeira dos Índios,AL,IFAL,-9.407625,-36.632362
Penedo,AL,IFAL,-10.287234,-36.581926
Piranhas,AL,IFAL,-9.611558,-37.761637
Rio Largo,AL,IFAL,-9.477829,-35.839435
Santana do Ipanema,AL,IFAL,-9.369989,-37.248018
Satuba,AL,IFAL,-9.569113,-35.822697
São Miguel dos Campos,AL,IFAL,-9.783112,-36.09678
Viçosa,AL,IFAL,-9.372803,-36.243264
Coari,AM,IFAM,-4.088596,-63.143117
Eirunepé,AM,IFAM,-6.656765,-69.866161
Humaitá,AM,IFAM,-7.50994,-63.024867
Itacoatiara,AM,IFAM,-3.14779,-58.446104
Lábrea,AM,IFAM,-7.261368,-64.792451
Manacapuru,AM,IFAM,-3.299677,-60.621353
Manaus,AM,IFAM,-3.131633,-59.982504
Manicoré,AM,IFAM,-5.804618,-61.289483
Maués,AM,IFAM,-3.37958,-57.719607
Parintins,AM,IFAM,-2.634457,-56.731932
Presidente Figueiredo,AM,IFAM,-2.048636,-60.023666
Santo Antônio do Içá,AM,IFAM,-3.095443,-67.946279
São Gabriel da Cachoeira,AM,IFAM,-0.124971,-67.081385
Tabatinga,AM,IFAM,-4.224725,-69.93622
Tefé,AM,IFAM,-3.348528,-64.710228
Laranjal do Jari,AP,IFAP,-0.841999,-52.516
Macapá,AP,IFAP,0.040153,-51.056959
Oiapoque,AP,IFAP,3.843213,-51.83508
Porto Grande,AP,IFAP,0.702837,-51.404161
Santana,AP,IFAP,-0.030707,-51.178967
Tartarugalzinho,AP,IFAP,1.505239,-50.912313
Alagoinhas,BA,IF Baiano,-12.133526,-38.420772
Barreiras,BA,IFBA,-12.144003,-44.996741
Bom Jesus da Lapa,BA,IF Baiano,-13.282786,-43.180195
Brumado,BA,IFBA,-14.20251,-41.670131
Camaçari,BA,IFBA,-12.699819,-38.326076
Catu,BA,IF Baiano,-12.351274,-38.379108
Euclides da Cunha,BA,IFBA,-10.506801,-39.016582
Eunápolis,BA,IFBA,-16.376615,-39.586449
Feira de Santana,BA,IFBA,-12.257893,-38.959805
Governador Mangabeira,BA,IF Baiano,-12.603865,-39.037215
Guanambi,BA,IF Baiano,-14.223066,-42.779943
Ilhéus,BA,IFBA,-14.792599,-39.045384
Irecê,BA,IFBA,-11.303496,-41.855793
Itaberaba,BA,IF Baiano,-12.524182,-40.305897
Itabuna,BA,IFBA,-14.793173,-39.275034
Itapetinga,BA,IF Baiano,-15.245448,-40.246005
Jacobina,BA,IFBA,-11.066676,-40.669169
Jequié,BA,IFBA,-13.860403,-40.071963
Juazeiro,BA,IFBA,-9.513751,-40.307899
Lauro de Freitas,BA,IFBA,-12.89242,-38.312769
Macaúbas,BA,IFBA,-13.017485,-42.688222
Paulo Afonso,BA,IFBA,-9.399856,-38.217282
Porto Seguro,BA,IFBA,-16.443473,-39.064251
Poções,BA,IFBA,-14.527488,-40.366533
Remanso,BA,IF Baiano,-9.617942,-42.083056
Ribeira do Pombal,BA,IF Baiano,-10.83575,-38.536851
Ruy Barbosa,BA,IF Baiano,-12.285667,-40.495836
Salvador,BA,IFBA,-12.98225,-38.481277
Santa Inês,BA,IF Baiano,-13.28977,-39.81797
Santo Amaro,BA,IFBA,-12.551969,-38.706045
Santo Antônio de Jesus,BA,IFBA,-12.968936,-39.260914
Santo Estêvão,BA,IF Baiano,-12.432912,-39.256388
Seabra,BA,IFBA,-12.417207,-41.772051
Senhor do Bonfim,BA,IF Baiano,-10.460251,-40.189151
Serrinha,BA,IF Baiano,-11.66199,-39.003402
Simões Filho,BA,IFBA,-12.786784,-38.403036
Teixeira de Freitas,BA,IF Baiano,-17.538477,-39.74517
Ubaitaba,BA,IFBA,-14.311777,-39.32266
Uruçuca,BA,IF Baiano,-14.591309,-39.286209
Valença,BA,IFBA,-13.372358,-39.069424
Valença,BA,IF Baiano,-13.372358,-39.069424
Vitória da Conquista,BA,IFBA,-14.856749,-40.84148
Xique-xique,BA,IF Baiano,-10.821719,-42.726569
Acaraú,CE,IFCE,-2.886951,-40.119471
Aracati,CE,IFCE,-4.558259,-37.767894
Baturité,CE,IFCE,-4.32902,-38.882106
Boa Viagem,CE,IFCE,-5.126188,-39.730005
Camocim,CE,IFCE,-2.900992,-40.842739
Campos Sales,CE,IFCE,-7.075081,-40.383018
Canindé,CE,IFCE,-4.350338,-39.313081
Cascavel,CE,IFCE,-4.129666,-38.241178
Caucaia,CE,IFCE,-3.771737,-38.790569
Cedro,CE,IFCE,-6.606538,-39.059949
Crateús,CE,IFCE,-5.208947,-40.66746
Crato,CE,IFCE,-7.288501,-39.48203
Fortaleza,CE,IFCE,-3.730451,-38.521799
Guaramiranga,CE,IFCE,-4.261523,-38.933971
Horizonte,CE,IFCE,-4.093959,-38.462611
Iguatu,CE,IFCE,-6.361934,-39.297223
Itapipoca,CE,IFCE,-3.367128,-39.615946
Jaguaribe,CE,IFCE,-5.885459,-38.621296
Jaguaruana,CE,IFCE,-4.831508,-37.780997
Juazeiro do Norte,CE,IFCE,-7.215345,-39.315334
Lavras de Mangabeira,CE,IFCE,-6.751526,-38.963721
Limoeiro do Norte,CE,IFCE,-5.145561,-38.098494
Maracanaú,CE,IFCE,-3.877944,-38.62477
Mauriti,CE,IFCE,-7.423888,-38.729974
Morada Nova,CE,IFCE,-5.10767,-38.372785
Paracuru,CE,IFCE,-3.41436,-39.030028
Quixadá,CE,IFCE,-4.916079,-39.029363
Sobral,CE,IFCE,-3.683939,-40.356254
Tabuleiro do Norte,CE,IFCE,-5.244086,-38.128461
Tauá,CE,IFCE,-6.001725,-40.294825
Tianguá,CE,IFCE,-3.658304,-40.960722
Ubajara,CE,IFCE,-3.853447,-40.918564
Umirim,CE,IFCE,-3.677774,-39.348725
Brasília,DF,IFB,-15.793987,-47.8828
Sobradinho,DF,IFB,-15.650053,-47.784845
Sol Nascente,DF,IFB,-15.844363,-48.134985
Alegre,ES,IFES,-20.762579,-41.531889
Aracruz,ES,IFES,-19.824522,-40.273502
Barra de São Francisco,ES,IFES,-18.75709,-40.891612
Cachoeiro de Itapemirim,ES,IFES,-20.848084,-41.11129
Cariacica,ES,IFES,-20.263202,-40.416549
Colatina,ES,IFES,-19.534673,-40.628784
Guarapari,ES,IFES,-20.671875,-40.498462
Ibatiba,ES,IFES,-20.234279,-41.508298
Linhares,ES,IFES,-19.379677,-40.061009
Montanha,ES,IFES,-18.126319,-40.364158
Muniz Freire,ES,IFES,-20.463607,-41.413701
Nova Venécia,ES,IFES,-18.708254,-40.400009
Piúma,ES,IFES,-20.837531,-40.727159
Santa Maria de Jetibá,ES,IFES,-20.025296,-40.743931
Santa Teresa,ES,IFES,-19.936339,-40.597945
Serra,ES,IFES,-20.125296,-40.306448
São Mateus,ES,IFES,-18.714605,-39.85395
Venda Nova do Imigrante,ES,IFES,-20.332579,-41.129584
Viana,ES,IFES,-20.391447,-40.496659
Vila Velha,ES,IFES,-20.329704,-40.292017
Vitória,ES,IFES,-20.320092,-40.337668
Anápolis,GO,IFG,-16.333283,-48.952576
Aparecida de Goiânia,GO,IFG,-16.822677,-49.245255
Campos Belos,GO,IF Goiano,-13.034984,-46.768112
Catalão,GO,IF Goiano,-18.170255,-47.944708
Cavalcante,GO,IFG,-13.792841,-47.456852
Ceres,GO,IF Goiano,-15.310357,-49.603205
Cristalina,GO,IF Goiano,-16.76806,-47.613343
Formosa,GO,IFG,-15.549244,-47.330121
Goiás,GO,IFG,-15.94089,-50.14654
Goiânia,GO,IFG,-16.680882,-49.253269
Hidrolândia,GO,IF Goiano,-16.967134,-49.22826
Inhumas,GO,IFG,-16.361057,-49.500111
Ipameri,GO,IF Goiano,-17.721544,-48.158118
Iporá,GO,IF Goiano,-16.440798,-51.118119
Itumbiara,GO,IFG,-18.413586,-49.21726
Jataí,GO,IFG,-17.885618,-51.720297
Luziânia,GO,IFG,-16.253546,-47.950028
Morrinhos,GO,IF Goiano,-17.733369,-49.105908
Porangatu,GO,IFG,-13.444663,-49.142357
Posse,GO,IF Goiano,-14.083585,-46.356319
Quirinópolis,GO,IFG,-18.447186,-50.454698
Rio Verde,GO,IF Goiano,-17.792126,-50.919122
Senador Canedo,GO,IFG,-16.701323,-49.091492
Trindade,GO,IF Goiano,-16.654992,-49.48762
Uruaçu,GO,IFG,-14.524416,-49.151002
Urutaí,GO,IF Goiano,-17.464063,-48.202107
Valparaíso de Goiás,GO,IFG,-16.068639,-47.976491
Águas Lindas de Goiás,GO,IFG,-15.739228,-48.279336
Alcântara,MA,IFMA,-2.4085,-44.417414
Amarante do Maranhão,MA,IFMA,-5.56913,-46.747284
Araioses,MA,IFMA,-2.890914,-41.904993
Açailândia,MA,IFMA,-4.951503,-47.500732
Bacabal,MA,IFMA,-4.231813,-44.781167
Balsas,MA,IFMA,-7.53214,-46.037163
Barra do Corda,MA,IFMA,-5.496823,-45.248496
Barreirinhas,MA,IFMA,-2.754127,-42.825969
Buriticupu,MA,IFMA,-4.322747,-46.451699
Carolina,MA,IFMA,-7.331344,-47.473876
Chapadinha,MA,IFMA,-3.74168,-43.354801
Codó,MA,IFMA,-4.455623,-43.892354
Coelho Neto,MA,IFMA,-4.253515,-43.014932
Colinas,MA,IFMA,-6.033263,-44.252854
Grajaú,MA,IFMA,-5.815403,-46.136145
Imperatriz,MA,IFMA,-5.526928,-47.478115
Itapecuru Mirim,MA,IFMA,-3.397357,-44.356072
Pedreiras,MA,IFMA,-4.568799,-44.600303
Pinheiro,MA,IFMA,-2.527046,-45.086646
Porto Franco,MA,IFMA,-6.34149,-47.396188
Rosário,MA,IFMA,-2.94059,-44.249109
Santa Inês,MA,IFMA,-3.664782,-45.382687
São José de Ribamar,MA,IFMA,-2.560912,-44.055951
São João dos Patos,MA,IFMA,-6.4934,-43.703623
São Luís,MA,IFMA,-2.529526,-44.296394
São Raimundo das Mangabeiras,MA,IFMA,-7.023608,-45.476944
Timon,MA,IFMA,-5.100434,-42.831202
Viana,MA,IFMA,-3.209934,-45.000246
Zé Doca,MA,IFMA,-3.270145,-45.655344
Almenara,MG,IFNMG,-16.175377,-40.691668
Araçuaí,MG,IFNMG,-16.848445,-42.066187
Arcos,MG,IFMG,-20.282223,-45.539444
Arinos,MG,IFNMG,-15.917223,-46.106111
Bambuí,MG,IFMG,-20.0132,-45.977703
Barbacena,MG,IF Sudeste MG,-21.225452,-43.773509
Betim,MG,IFMG,-19.970318,-44.206495
Bom Despacho,MG,IFMG,-19.737524,-45.251729
Bom Sucesso,MG,IF Sudeste MG,-21.032352,-44.759808
Campina Verde,MG,IFTM,-19.535277,-49.486389
Caratinga,MG,IFMG,-19.790089,-42.140533
Carmo de Minas,MG,IF Sul de Minas,-22.121665,-45.132384
Cataguases,MG,IF Sudeste MG,-21.387426,-42.695722
Congonhas,MG,IFMG,-20.501517,-43.856459
Conselheiro Lafaiete,MG,IFMG,-20.659611,-43.785743
Diamantina,MG,IFNMG,-18.244086,-43.600649
Formiga,MG,IFMG,-20.464842,-45.426675
Governador Valadares,MG,IFMG,-18.857415,-41.943928
Inconfidentes,MG,IF Sul de Minas,-22.316887,-46.327918
Ipatinga,MG,IFMG,-19.477781,-42.52708
Itabirito,MG,IFMG,-20.251972,-43.802917
Itajubá,MG,IF Sul de Minas,-22.423823,-45.452416
Ituiutaba,MG,IFTM,-18.969189,-49.463934
Janaúba,MG,IFNMG,-15.810374,-43.305212
Januária,MG,IFNMG,-15.317185,-45.204551
João Monlevade,MG,IFMG,-19.809444,-43.173334
Juiz de Fora,MG,IF Sudeste MG,-21.760953,-43.350113
Machado,MG,IF Sul de Minas,-21.676286,-45.92117
Manhuaçu,MG,IF Sudeste MG,-20.257443,-42.034077
Minas Novas,MG,IFNMG,-17.217471,-42.594833
Montes Claros,MG,IFNMG,-16.749573,-43.868727
Muriaé,MG,IF Sudeste MG,-21.131349,-42.362892
Muzambinho,MG,IF Sul de Minas,-21.368433,-46.522317
Ouro Branco,MG,IFMG,-20.526003,-43.662963
Ouro Preto,MG,IFMG,-20.385671,-43.503617
Paracatu,MG,IFTM,-17.217406,-46.870751
Passos,MG,IF Sul de Minas,-20.71678,-46.615686
Patos de Minas,MG,IFTM,-18.604145,-46.50967
Patrocínio,MG,IFTM,-18.940829,-46.992662
Pirapora,MG,IFNMG,-17.349377,-44.95079
Piumhi,MG,IFMG,-20.467526,-45.957613
Ponte Nova,MG,IFMG,-20.416435,-42.90878
Porteirinha,MG,IFNMG,-15.742089,-43.028605
Pouso Alegre,MG,IF Sul de Minas,-22.234386,-45.932724
Poços de Caldas,MG,IF Sul de Minas,-21.790032,-46.564793
Ribeirão das Neves,MG,IFMG,-19.76729,-44.087544
Rio Pomba,MG,IF Sudeste MG,-21.2345,-43.181834
Sabará,MG,IFMG,-19.890037,-43.810792
Salinas,MG,IFNMG,-16.1701,-42.289655
Santa Luzia,MG,IFMG,-19.77021,-43.850529
Santos Dumont,MG,IF Sudeste MG,-21.456146,-43.552273
Sete Lagoas,MG,IFTM,-19.466111,-44.246944
São João Del Rei,MG,IF Sudeste MG,-21.133575,-44.258809
São João Evangelista,MG,IFMG,-18.4945,-42.758951
São João Nepomuceno,MG,IF Sudeste MG,-21.535916,-43.015143
Teófilo Otoni,MG,IFNMG,-17.857927,-41.508153
Três Corações,MG,IF Sul de Minas,-21.695625,-45.254368
Uberaba,MG,IFTM,-19.750833,-47.936666
Uberlândia,MG,IFTM,-18.918804,-48.276784
Ubá,MG,IF Sudeste MG,-21.12,-42.942777
Amambaí,MS,IFMS,-23.10827,-55.228485
Aquidauana,MS,IFMS,-20.473969,-55.782137
Campo Grande,MS,IFMS,-20.464017,-54.616295
Corumbá,MS,IFMS,-19.000603,-57.650754
Coxim,MS,IFMS,-18.504915,-54.745025
Dourados,MS,IFMS,-22.220614,-54.812208
Jardim,MS,IFMS,-21.479941,-56.148902
Naviraí,MS,IFMS,-23.062215,-54.201832
Nova Andradina,MS,IFMS,-22.247757,-53.348062
Paranaíba,MS,IFMS,-19.675197,-51.187499
Ponta Porã,MS,IFMS,-22.528692,-55.723426
Três Lagoas,MS,IFMS,-20.78668,-51.706125
Alta Floresta,MT,IFMT,-9.869855,-56.083499
Barra do Garças,MT,IFMT,-15.891591,-52.261839
Campo Novo do Parecis,MT,IFMT,-13.658735,-57.890723
Campo Verde,MT,IFMT,-15.543079,-55.159051
Canarana,MT,IFMT,-13.55646,-52.269117
Colniza,MT,IFMT,-9.456064,-59.219713
Confresa,MT,IFMT,-10.643695,-51.569873
Cuiabá,MT,IFMT,-15.598669,-56.09913
Cáceres,MT,IFMT,-16.064407,-57.687897
Diamantino,MT,IFMT,-14.403626,-56.436449
Guarantã do Norte,MT,IFMT,-9.951799,-54.909818
Juína,MT,IFMT,-11.423091,-58.757021
Lucas do Rio Verde,MT,IFMT,-13.066461,-55.919671
Pontes e Lacerda,MT,IFMT,-15.231517,-59.334951
Primavera do Leste,MT,IFMT,-15.561413,-54.299395
Rondonópolis,MT,IFMT,-16.460353,-54.63971
Santo Antônio de Leverger,MT,IFMT,-15.864452,-56.076523
Sinop,MT,IFMT,-11.857701,-55.496782
Sorriso,MT,IFMT,-12.544489,-55.723397
Tangará da Serra,MT,IFMT,-14.62139,-57.490727
Várzea Grande,MT,IFMT,-15.645816,-56.132218
Água Boa,MT,IFMT,-14.052297,-52.161763
Abaetetuba,PA,IFPA,-1.721779,-48.878811
Alenquer,PA,IFPA,-1.946229,-54.738355
Altamira,PA,IFPA,-3.204065,-52.209961
Ananindeua,PA,IFPA,-1.374035,-48.401662
Barcarena,PA,IFPA,-1.510795,-48.619068
Belém,PA,IFPA,-1.45056,-48.468245
Bragança,PA,IFPA,-1.057425,-46.763523
Breves,PA,IFPA,-1.68036,-50.479085
Cametá,PA,IFPA,-2.242949,-49.497885
Castanhal,PA,IFPA,-1.292703,-47.92239
Conceição do Araguaia,PA,IFPA,-8.26969,-49.267686
Itaituba,PA,IFPA,-4.262522,-55.987814
Marabá,PA,IFPA,-5.346282,-49.10074
Paragominas,PA,IFPA,-2.99564,-47.354894
Parauapebas,PA,IFPA,-6.069685,-49.890328
Redenção,PA,IFPA,-8.029933,-50.030954
Santarém,PA,IFPA,-2.438489,-54.699611
Tailândia,PA,IFPA,-2.936096,-48.952337
Tucuruí,PA,IFPA,-3.766334,-49.666365
Vigia,PA,IFPA,-0.854603,-48.143287
Viseu,PA,IFPA,-1.204892,-46.139224
Óbidos,PA,IFPA,-1.901072,-55.520812
Cabedelo,PB,IFPB,-6.97324,-34.835161
Cajazeiras,PB,IFPB,-6.889785,-38.557039
Campina Grande,PB,IFPB,-7.224674,-35.877129
Catolé do Rocha,PB,IFPB,-6.340625,-37.746967
Esperança,PB,IFPB,-7.018517,-35.852193
Guarabira,PB,IFPB,-6.851398,-35.491558
Itabaiana,PB,IFPB,-7.329957,-35.335999
Itaporanga,PB,IFPB,-7.304075,-38.150578
João Pessoa,PB,IFPB,-7.121598,-34.882028
Mamanguape,PB,IFPB,-6.833698,-35.121316
Monteiro,PB,IFPB,-7.892018,-37.123205
Patos,PB,IFPB,-7.025829,-37.276682
Picuí,PB,IFPB,-6.510672,-36.349274
Princesa Isabel,PB,IFPB,-7.736898,-37.992134
Queimadas,PB,IFPB,-7.36404,-35.901664
Santa Rita,PB,IFPB,-7.128465,-34.984619
Sapé,PB,IFPB,-7.093591,-35.227975
Soledade,PB,IFPB,-7.058292,-36.366791
Sousa,PB,IFPB,-6.766203,-38.231961
Afogados da Ingazeira,PE,IFPE,-7.748128,-37.634661
Araripina,PE,IF Sertão PE,-7.576858,-40.503851
Barreiros,PE,IFPE,-8.815964,-35.183191
Belo Jardim,PE,IFPE,-8.333829,-36.417642
Bezerros,PE,IFPE,-8.237213,-35.755826
Cabo de Santo Agostinho,PE,IFPE,-8.283895,-35.032098
Caruaru,PE,IFPE,-8.28297,-35.972285
Floresta,PE,IF Sertão PE,-8.59698,-38.574288
Garanhuns,PE,IFPE,-8.890589,-36.49309
Goiana,PE,IFPE,-7.560603,-34.99591
Igarassu,PE,IFPE,-7.835442,-34.906112
Ipojuca,PE,IFPE,-8.398077,-35.061107
Jaboatão dos Guararapes,PE,IFPE,-8.175248,-34.946872
Olinda,PE,IFPE,-7.99864,-34.845955
Ouricuri,PE,IF Sertão PE,-7.884432,-40.083322
Palmares,PE,IFPE,-8.684106,-35.58903
Paulista,PE,IFPE,-7.934007,-34.868407
Pesqueira,PE,IFPE,-8.357447,-36.696824
Petrolina,PE,IF Sertão PE,-9.381733,-40.496887
Recife,PE,IFPE,-8.058493,-34.884819
Salgueiro,PE,IF Sertão PE,-8.072673,-39.126972
Santa Cruz do Capibaribe,PE,IFPE,-7.948019,-36.206092
Santa Maria da Boa Vista,PE,IF Sertão PE,-8.800161,-39.82711
Serra Talhada,PE,IF Sertão PE,-7.986781,-38.292029
Vitória de Santo Antão,PE,IFPE,-8.120902,-35.294486
Águas Belas,PE,IFPE,-9.111316,-37.122522
Altos,PI,IFPI,-5.063944,-42.48119
Angical do Piauí,PI,IFPI,-6.087267,-42.736614
Barras,PI,IFPI,-4.244615,-42.292024
Campo Maior,PI,IFPI,-4.833957,-42.173979
Cocal,PI,IFPI,-3.469188,-41.555851
Corrente,PI,IFPI,-10.440136,-45.162747
Esperantina,PI,IFPI,-3.895096,-42.23706
Floriano,PI,IFPI,-6.767574,-43.022261
José de Freitas,PI,IFPI,-4.757836,-42.576378
Oeiras,PI,IFPI,-7.017489,-42.131448
Parnaíba,PI,IFPI,-2.914751,-41.766195
Paulistana,PI,IFPI,-8.138917,-41.138053
Pedro Ii,PI,IFPI,-4.425267,-41.458407
Picos,PI,IFPI,-7.082354,-41.468505
Pio Ix,PI,IFPI,-6.835192,-40.614865
Piripiri,PI,IFPI,-4.273234,-41.778517
São João do Piauí,PI,IFPI,-8.360143,-42.248764
São Raimundo Nonato,PI,IFPI,-9.014976,-42.688843
Teresina,PI,IFPI,-5.087461,-42.804957
Uruçuí,PI,IFPI,-7.797,-44.574871
Valença do Piauí,PI,IFPI,-6.3855,-41.767333
Araucária,PR,IFPR,-25.586111,-49.405121
Assis Chateaubriand,PR,IFPR,-24.405483,-53.512047
Astorga,PR,IFPR,-23.235018,-51.664707
Barracão,PR,IFPR,-26.252409,-53.634976
Cambé,PR,IFPR,-23.278204,-51.277958
Campo Largo,PR,IFPR,-25.459773,-49.527085
Capanema,PR,IFPR,-25.670488,-53.808304
Cascavel,PR,IFPR,-24.9555,-53.456054
Cianorte,PR,IFPR,-23.662036,-52.610399
Colombo,PR,IFPR,-25.292544,-49.224347
Coronel Vivida,PR,IFPR,-25.980377,-52.565428
Curitiba,PR,IFPR,-25.429596,-49.271272
Foz do Iguaçu,PR,IFPR,-25.530402,-54.583069
Goioerê,PR,IFPR,-24.185188,-53.025062
Irati,PR,IFPR,-25.469663,-50.649287
Ivaiporã,PR,IFPR,-24.243352,-51.671927
Jacarezinho,PR,IFPR,-23.159043,-49.973966
Jaguariaíva,PR,IFPR,-24.25897,-49.720152
Londrina,PR,IFPR,-23.476127,-51.117901
Maringá,PR,IFPR,-23.425269,-51.938208
Palmas,PR,IFPR,-26.483868,-51.988812
Paranaguá,PR,IFPR,-25.514882,-48.522669
Paranavaí,PR,IFPR,-23.08165,-52.461724
Pinhais,PR,IFPR,-25.444349,-49.190031
Pitanga,PR,IFPR,-24.757677,-51.759235
Quedas do Iguaçu,PR,IFPR,-25.453001,-52.909043
Telêmaco Borba,PR,IFPR,-24.328294,-50.631802
Toledo,PR,IFPR,-24.722244,-53.740248
Umuarama,PR,IFPR,-23.762115,-53.311619
União da Vitória,PR,IFPR,-26.228596,-51.08698
Angra dos Reis,RJ,IFRJ,-23.155541,-44.234481
Arraial do Cabo,RJ,IFRJ,-22.966284,-42.024427
Belford Roxo,RJ,IFRJ,-22.731,-43.379638
Bom Jesus do Itabapoana,RJ,IFF,-21.090552,-41.780874
Cabo Frio,RJ,IFF,-22.737831,-42.024087
Cambuci,RJ,IFF,-21.48359,-41.907113
Campos dos Goytacazes,RJ,IFF,-21.7546,-41.3242
Duque de Caxias,RJ,IFRJ,-22.642916,-43.302127
Engenheiro Paulo de Frontin,RJ,IFRJ,-22.520142,-43.634898
Itaguaí,RJ,IFRJ,-22.81227,-43.823563
Itaperuna,RJ,IFF,-21.215816,-41.879813
Macaé,RJ,IFF,-22.371296,-41.786692
Magé,RJ,IFF,-22.604278,-43.108109
Maricá,RJ,IFF,-22.908876,-42.817191
Mesquita,RJ,IFRJ,-22.783092,-43.42936
Nilópolis,RJ,IFRJ,-22.808011,-43.413822
Nova Friburgo,RJ,IFRJ,-22.28,-42.53253
Nova Iguaçu,RJ,IFRJ,-22.759217,-43.450873
Paracambi,RJ,IFRJ,-22.619896,-43.728204
Petrópolis,RJ,IFRJ,-22.507574,-43.178536
Pinheiral,RJ,IFRJ,-22.512944,-44.001435
Quissamã,RJ,IFF,-22.107205,-41.472341
Resende,RJ,IFRJ,-22.44187,-44.420485
Rio de Janeiro,RJ,IFRJ,-22.911014,-43.209373
Rio de Janeiro - Cidade de Deus,RJ,IFRJ,-22.944508,-43.370931
Rio de Janeiro - Complexo do Alemão,RJ,IFRJ,-22.870449,-43.275651
Santo Antônio de Pádua,RJ,IFF,-21.571164,-42.201437
São Gonçalo,RJ,IFRJ,-22.821635,-42.99568
São João da Barra,RJ,IFF,-21.764951,-41.096168
Teresópolis,RJ,IFRJ,-22.416458,-42.975194
Valença,RJ,IFRJ,-22.232639,-43.886393
Volta Redonda,RJ,IFRJ,-22.521856,-44.104013
Apodi,RN,IFRN,-5.663111,-37.796927
Caicó,RN,IFRN,-6.459454,-37.097191
Canguaretama,RN,IFRN,-6.375194,-35.137463
Ceará-mirim,RN,IFRN,-5.633588,-35.424841
Currais Novos,RN,IFRN,-6.262668,-36.517304
Ipanguaçu,RN,IFRN,-5.509071,-36.859442
João Câmara,RN,IFRN,-5.534964,-35.815081
Lajes,RN,IFRN,-5.701408,-36.246219
Macau,RN,IFRN,-5.113146,-36.635066
Mossoró,RN,IFRN,-5.190433,-37.344387
Natal,RN,IFRN,-5.805398,-35.20809
Nova Cruz,RN,IFRN,-6.482111,-35.433233
Parelhas,RN,IFRN,-6.691369,-36.658448
Parnamirim,RN,IFRN,-5.915333,-35.267991
Pau dos Ferros,RN,IFRN,-6.112496,-38.206263
Santa Cruz,RN,IFRN,-6.224752,-36.019297
São Gonçalo do Amarante,RN,IFRN,-5.793233,-35.328631
São Miguel,RN,IFRN,-6.212176,-38.497738
São Paulo do Potengi,RN,IFRN,-5.894168,-35.764831
Touros,RN,IFRN,-5.199863,-35.459505
Umarizal,RN,IFRN,-5.985513,-37.818591
Ariquemes,RO,IFRO,-9.907652,-63.033069
Cacoal,RO,IFRO,-11.4333,-61.44205
Colorado do Oeste,RO,IFRO,-13.117431,-60.545428
Guajará-mirim,RO,IFRO,-10.780424,-65.332782
Jaru,RO,IFRO,-10.431826,-62.478769
Ji-paraná,RO,IFRO,-10.877815,-61.927785
Porto Velho,RO,IFRO,-8.749453,-63.873544
Vilhena,RO,IFRO,-12.736854,-60.146555
Amajari,RR,IFRR,3.652387,-61.419432
Boa Vista,RR,IFRR,2.820848,-60.671958
Bonfim,RR,IFRR,3.361382,-59.842724
Caracaraí,RR,IFRR,1.82737,-61.124936
Rorainópolis,RR,IFRR,0.938731,-60.423646
Alegrete,RS,IF Farroupilha,-29.790166,-55.794862
Alvorada,RS,IFRS,-29.998118,-51.077251
Bagé,RS,IFSul,-31.331426,-54.106281
Bento Gonçalves,RS,IFRS,-29.165673,-51.520117
Camaquã,RS,IFSul,-30.852475,-51.807562
Canoas,RS,IFRS,-29.921605,-51.179952
Caxias do Sul,RS,IFRS,-29.168505,-51.179639
Caçapava do Sul,RS,IFSul,-30.511329,-53.491676
Charqueadas,RS,IFSul,-29.954909,-51.624953
Erechim,RS,IFRS,-27.635071,-52.273865
Farroupilha,RS,IFRS,-29.22647,-51.346819
Feliz,RS,IFRS,-29.452325,-51.306978
Gramado,RS,IFRS,-29.379286,-50.873702
Gravataí,RS,IFSul,-29.944022,-50.993094
Ibirubá,RS,IFRS,-28.630161,-53.096124
Jaguari,RS,IF Farroupilha,-29.498031,-54.69194
Jaguarão,RS,IFSul,-32.566272,-53.37657
Júlio de Castilhos,RS,IF Farroupilha,-29.228658,-53.682522
Lajeado,RS,IFSul,-29.467152,-51.962405
Novo Hamburgo,RS,IFSul,-29.69057,-51.142904
Osório,RS,IFRS,-29.889073,-50.27405
Panambi,RS,IF Farroupilha,-28.289854,-53.501822
Passo Fundo,RS,IFSul,-28.25506,-52.396661
Pelotas,RS,IFSul,-31.769974,-52.341016
Porto Alegre,RS,IFRS,-30.0325,-51.230377
Porto Alegre - Zona Norte,RS,IFRS,-29.746604,-50.014053
Rio Grande,RS,IFRS,-32.033425,-52.09913
Rolante,RS,IFRS,-29.652794,-50.576939
Sant'ana do Livramento,RS,IFSul,-30.88941,-55.531769
Santa Rosa,RS,IF Farroupilha,-27.864355,-54.477929
Santiago,RS,IF Farroupilha,-29.189675,-54.866624
Santo Augusto,RS,IF Farroupilha,-27.852577,-53.777605
Santo Ângelo,RS,IF Farroupilha,-28.300048,-54.266997
Sapiranga,RS,IFSul,-29.639238,-51.006859
Sapucaia do Sul,RS,IFSul,-29.819702,-51.160872
Sertão,RS,IFRS,-27.985381,-52.257587
São Borja,RS,IF Farroupilha,-28.659224,-56.00443
São Leopoldo,RS,IFRS,-29.754441,-51.15165
São Luiz Gonzaga,RS,IF Farroupilha,-28.407455,-54.960908
São Vicente do Sul,RS,IF Farroupilha,-29.688161,-54.682643
Uruguaiana,RS,IF Farroupilha,-29.756073,-57.086755
Vacaria,RS,IFRS,-28.51029,-50.935604
Venâncio Aires,RS,IFSul,-29.614306,-52.193159
Veranópolis,RS,IFRS,-28.935124,-51.551918
Viamão,RS,IFRS,-30.081934,-51.026193
Abelardo Luz,SC,IFC,-26.570589,-52.328034
Araquari,SC,IFC,-26.370332,-48.721099
Araranguá,SC,IFSC,-28.934883,-49.485839
Blumenau,SC,IFC,-26.919557,-49.065802
Brusque,SC,IFC,-27.096463,-48.913632
Camboriú,SC,IFC,-27.02736,-48.653566
Campos Novos,SC,IFC,-27.39629,-51.22244
Canoinhas,SC,IFSC,-26.175512,-50.394959
Caçador,SC,IFSC,-26.773778,-51.013484
Chapecó,SC,IFSC,-27.092236,-52.616688
Concórdia,SC,IFC,-27.231201,-52.023102
Criciúma,SC,IFSC,-28.678994,-49.369563
Florianópolis,SC,IFSC,-27.5973,-48.54961
Fraiburgo,SC,IFC,-27.023288,-50.919978
Garopaba,SC,IFSC,-28.02748,-48.62402
Gaspar,SC,IFSC,-26.930731,-48.956682
Ibirama,SC,IFC,-27.053702,-49.519077
Itajaí,SC,IFSC,-26.904679,-48.655298
Jaraguá do Sul,SC,IFSC,-26.489743,-49.077806
Joinville,SC,IFSC,-26.30449,-48.848673
Lages,SC,IFSC,-27.816566,-50.325883
Luzerna,SC,IFC,-27.129434,-51.468617
Mafra,SC,IFC,-26.115094,-49.803598
Palhoça,SC,IFSC,-27.644777,-48.664632
Rio do Sul,SC,IFC,-27.216261,-49.643654
Santa Rosa do Sul,SC,IFC,-29.135496,-49.715419
Sombrio,SC,IFC,-29.107985,-49.632776
São Bento do Sul,SC,IFC,-26.248367,-49.382067
São Carlos,SC,IFSC,-27.081863,-53.005102
São Francisco do Sul,SC,IFC,-26.249509,-48.630809
São José,SC,IFSC,-27.615773,-48.627649
São Lourenço do Oeste,SC,IFSC,-26.35566,-52.849837
São Miguel do Oeste,SC,IFSC,-26.727898,-53.517669
Tijucas,SC,IFC,-27.239404,-48.63537
Tubarão,SC,IFSC,-28.471488,-49.014132
Urupema,SC,IFSC,-27.955772,-49.875957
Videira,SC,IFC,-27.00544,-51.153373
Xanxerê,SC,IFSC,-26.881017,-52.384655
Aracaju,SE,IFS,-10.916206,-37.077466
Estância,SE,IFS,-11.268225,-37.437834
Itabaiana,SE,IFS,-10.68562,-37.427052
Japaratuba,SE,IFS,-10.593489,-36.941514
Lagarto,SE,IFS,-10.914501,-37.67111
Nossa Senhora da Glória,SE,IFS,-10.218881,-37.419976
Nossa Senhora do Socorro,SE,IFS,-10.855311,-37.126486
Propriá,SE,IFS,-10.212427,-36.837225
São Cristóvão,SE,IFS,-11.013647,-37.207113
Tobias Barreto,SE,IFS,-11.187872,-38.00304
Araraquara,SP,IFSP,-21.788671,-48.17731
Avaré,SP,IFSP,-23.104522,-48.92591
Barretos,SP,IFSP,-20.553144,-48.569751
Birigui,SP,IFSP,-21.290849,-50.34144
Boituva,SP,IFSP,-23.283889,-47.673823
Bragança Paulista,SP,IFSP,-22.952023,-46.541859
Campinas,SP,IFSP,-22.905639,-47.059564
Campos do Jordão,SP,IFSP,-22.738299,-45.590377
Capivari,SP,IFSP,-22.99993,-47.503107
Caraguatatuba,SP,IFSP,-23.62028,-45.41306
Carapicuíba,SP,IFSP,-23.523467,-46.840681
Catanduva,SP,IFSP,-21.133104,-48.971282
Cotia,SP,IFSP,-23.603889,-46.918889
Cubatão,SP,IFSP,-23.884208,-46.421306
Diadema,SP,IFSP,-23.686643,-46.624693
Franco da Rocha,SP,IFSP,-23.332804,-46.724446
Guarujá,SP,IFSP,-23.992777,-46.255833
Guarulhos,SP,IFSP,-23.467594,-46.52777
Hortolândia,SP,IFSP,-22.862018,-47.216422
Ilha Solteira,SP,IFSP,-20.4281,-51.341087
Itapetininga,SP,IFSP,-23.588607,-48.048326
Itaquaquecetuba,SP,IFSP,-23.475449,-46.351403
Jacareí,SP,IFSP,-23.305068,-45.972307
Jundiaí,SP,IFSP,-23.188767,-46.884506
Limeira,SP,IFSP,-22.561507,-47.401766
Matão,SP,IFSP,-21.603361,-48.36606
Mauá,SP,IFSP,-23.666953,-46.461692
Mococa,SP,IFSP,-21.464731,-47.002405
Osasco,SP,IFSP,-23.532486,-46.79168
Piracicaba,SP,IFSP,-22.725165,-47.649327
Pirassununga,SP,IFSP,-21.998047,-47.428086
Presidente Epitácio,SP,IFSP,-21.765074,-52.11114
Registro,SP,IFSP,-24.497942,-47.844895
Ribeirão Preto,SP,IFSP,-21.177632,-47.810098
Salto,SP,IFSP,-23.198998,-47.291368
Santos,SP,IFSP,-23.960945,-46.316632
Sertãozinho,SP,IFSP,-21.137578,-47.991374
Sorocaba,SP,IFSP,-23.500345,-47.458286
Sumaré,SP,IFSP,-22.821796,-47.267105
Suzano,SP,IFSP,-23.542784,-46.310839
São Carlos,SP,IFSP,-22.01804,-47.891154
São José dos Campos,SP,IFSP,-23.186778,-45.885454
São João da Boa Vista,SP,IFSP,-21.96871,-46.796922
São Paulo,SP,IFSP,-23.550651,-46.633382
São Paulo - Cidade Tiradentes,SP,IFSP,-23.583968,-46.410404
São Paulo - Jardim Ângela,SP,IFSP,-23.683894,-46.778045
São Roque,SP,IFSP,-23.530484,-47.135547
São Vicente,SP,IFSP,-23.966418,-46.38614
Tupã,SP,IFSP,-21.934913,-50.514125
Votuporanga,SP,IFSP,-20.425291,-49.972028
Araguatins,TO,IFTO,-5.652938,-48.116192
Araguaína,TO,IFTO,-7.193657,-48.206465
Buritis,TO,IFTO,-5.570598,-47.848123
Colinas do Tocantins,TO,IFTO,-8.061269,-48.471677
Dianópolis,TO,IFTO,-11.624008,-46.819787
Formoso do Araguaia,TO,IFTO,-11.805999,-49.525715
Gurupi,TO,IFTO,-11.72794,-49.068046
Lagoa da Confusão,TO,IFTO,-10.788305,-49.622443
Palmas,TO,IFTO,-10.183785,-48.333642
Paraíso do Tocantins,TO,IFTO,-10.175247,-48.886759
Pedro Afonso,TO,IFTO,-8.975735,-48.173328
Porto Nacional,TO,IFTO,-10.701979,-48.411095
Tocantinópolis,TO,IFTO,-6.328093,-47.421767
Frederico Westphalen,RS,IF Farroupilha,-27.35711,-53.396412
Goiás,GO,IF Goiano,-15.94089,-50.14654
Boa Esperança,MG,IF Sul de Minas,-21.090125,-45.56602
Itapina,ES,IFES,-19.508555,-40.799095
Goiânia Oeste,GO,IFG,-16.695077,-49.210455
Caxias,MA,IFMA,-4.86542,-43.353664
Mirinzal,MA,IFMA,-2.066454,-44.783735
Presidente Dutra,MA,IFMA,-5.289801,-44.49498
Vitorino Freire,MA,IFMA,-4.28853,-45.241758
Ibirité,MG,IFMG,-20.021425,-44.062151
Niterói,RJ,IFRJ,-22.8884,-43.1147
Realengo,RJ,IFRJ,-22.877274,-43.430103
São João de Meriti,RJ,IFRJ,-22.785357,-43.366715
Jucurutu,RN,IFRN,-6.034352,-37.018625
São Miguel do Guaporé,RO,IFRO,-11.695147,-62.719574
Restinga,RS,IFRS,-30.152179,-51.143139
Bauru,SP,IFSP,-22.31738,-49.068978
Miracatu,SP,IFSP,-24.283908,-47.453513
Pirituba,SP,IFSP,-23.485533,-46.721939
Rio Claro,SP,IFSP,-22.410011,-47.560393
São José do Rio Preto,SP,IFSP,-20.812585,-49.380421
São Miguel Paulista,SP,IFSP,-23.494878,-46.439079
São Luís – Centro Histórico,MA,IFMA,-2.529526,-44.296394
São Luís – Maracanã,MA,IFMA,-2.529526,-44.296394
São Luís – Monte Castelo,MA,IFMA,-2.529526,-44.296394
